mu,x1,x2,x3,x4,x5
0.75,14.841912337075408,1.5385108730241526,12.300231184947577,19.39663767825176,11.268819786951559
