mu,x1,x2,x3,x4,x5
0.5,10.163372140665807,0.00690173,7.247565522894053,10.598214268183073,6.434916745693667
0.75,12.949700903550845,0.002032441,1.4611068208068236,18.61483882548436,10.62917754810452
1,11.08266022,0.392724881,32.6876372,43.60199163,12.16986338
1.25,26.87661299,0.859656114,35.19574671,24.31310779,12.64730501
1.5,28.87581478,1.302439069,16.06113107,33.50475946,20.17566684
1.75,25.35820301,1.138888928,1.444031656,40.56712576,31.39438652
2,36.37955006,0.077436468,8.138231858,11.34240685,43.97648804
2.25,27.60185595,0.06981488,0.025279228,11.27802535,60.90208524
2.5,17.435667608285435,0.03882125,0.036992587,-0.009719579,82.25647193615958
