mu,x1,x2,x3,x4,x5
2.5,17.435667608285435,0.03882125022363794,0.03699258671843325,-0.009719579346321002,82.25647193615958
