mu,x1,x2,x3,x4,x5
0.02,9.955882060886614,0.1878155783342835,14.787322507414768,15.298833415796572,59.658738082055386
0.025,27.290747696215362,-2.524983080034602,6.843694406347691,-4.739846057662951,73.02801385805063
