mu,x1,x2,x3,x4,x5
0.75,12.949700903550845,0.0020324411222375893,1.4611068208068236,18.61483882548436,10.62917754810452
