mu,x1,x2,x3,x4,x5
0.005,15.808393709747326,1.6308201622345757,33.059485293192544,45.80787050154221,3.5636650195865855
0.0075,18.368969468204853,2.759656279705235,35.73447147446409,36.65762276953457,6.351358421214587
0.01,11.082660224327473,0.3927248808096852,32.68763719693965,43.60199163016236,12.169863378109357
0.0125,26.87661299428969,0.8596561142770813,35.195746710799895,24.313107792693447,12.647305013975355
0.015,28.875814780380594,1.302439068981874,16.061131068335857,33.504759455467415,20.175666839136937
0.0175,25.3582030105219,1.1388889279092234,1.4440316555863253,40.567125757196266,31.394386518488343
0.02,36.37955005803049,0.07743646764611135,8.138231857791753,11.34240684699454,43.97648804346457
0.0225,27.601855950607874,0.06981487998344886,0.02527922808928483,11.278025351942802,60.902085244963274
0.025,29.67213479538803,0.07392419578546977,0.11995340906713557,12.44957450489732,57.552886279677
