mu,x1,x2,x3,x4,x5
0.5,9.519242135433114,3.847478871861761,22.22125188129698,19.834989935307377,5.805288752574409
