mu,x1,x2,x3,x4,x5
0.5,10.163372140665807,0.0069017303331855365,7.247565522894053,10.598214268183073,6.434916745693667
