,NVDA,JPM,LLY,GE,GBTC
NVDA,0.0037057901716366455,3.997802754534198e-05,-0.0005085220091192162,0.00033796599700289595,0.0002885254327227001
JPM,3.997802754534198e-05,0.001054361063611798,3.489877164668781e-05,0.00038464038336599645,-1.6986314418026703e-05
LLY,-0.0005085220091192162,3.489877164668781e-05,0.0015742610776571788,-6.050057735185205e-05,0.00011887961351101194
GE,0.00033796599700289595,0.00038464038336599645,-6.050057735185205e-05,0.0009312410793764319,0.0005373306908002552
GBTC,0.0002885254327227001,-1.6986314418026703e-05,0.00011887961351101194,0.0005373306908002552,0.006880592407228723
